,pop_grid_pop,geometry,pop_grid_id
0,,"POLYGON ((3459631.418333329 460.31567015102155, 3460661.217016838 460.34814402607714, 3460661.2134339144 -562.5927613822662, 3459631.4147519963 -562.5530749683086, 3459631.418333329 460.31567015102155))",0
1,,"POLYGON ((3460661.217016838 460.34814402607714, 3461691.08836309 460.3806323230667, 3461691.084778575 -562.6324654213097, 3460661.2134339144 -562.5927613822662, 3460661.217016838 460.34814402607714))",1
2,,"POLYGON ((3461691.08836309 460.3806323230667, 3462721.032404353 460.413135046461, 3462721.0288182464 -562.6721870909031, 3461691.084778575 -562.6324654213097, 3461691.08836309 460.3806323230667))",2
3,,"POLYGON ((3462721.032404353 460.413135046461, 3463751.0491729053 460.44565220073395, 3463751.0455852067 -562.7119263965137, 3462721.0288182464 -562.6721870909031, 3462721.032404353 460.413135046461))",3
4,,"POLYGON ((3463751.0491729053 460.44565220073395, 3464781.138701033 460.4781837903617, 3464781.1351117427 -562.7516833436118, 3463751.0455852067 -562.7119263965137, 3463751.0491729053 460.44565220073395))",4
5,,"POLYGON ((3464781.138701033 460.4781837903617, 3465811.301021039 460.5107298198236, 3465811.297430155 -562.7914579376719, 3464781.1351117427 -562.7516833436118, 3464781.138701033 460.4781837903617))",5
6,387.38262939453125,"POLYGON ((3465811.301021039 460.5107298198236, 3466841.5361652253 460.54329029360133, 3466841.5325727486 -562.8312501841709, 3465811.297430155 -562.7914579376719, 3465811.301021039 460.5107298198236))",6
7,213.09825134277344,"POLYGON ((3466841.5361652253 460.54329029360133, 3467871.844165915 460.5758652161795, 3467871.840571844 -562.8710600885897, 3466841.5325727486 -562.8312501841709, 3466841.5361652253 460.54329029360133))",7
8,147.59222412109375,"POLYGON ((3467871.844165915 460.5758652161795, 3468902.2250554315 460.60845459204546, 3468902.2214597664 -562.9108876564122, 3467871.840571844 -562.8710600885897, 3467871.844165915 460.5758652161795))",8
9,,"POLYGON ((3468902.2250554315 460.60845459204546, 3469932.6788661173 460.6410584256896, 3469932.675268857 -562.9507328931257, 3468902.2214597664 -562.9108876564122, 3468902.2250554315 460.60845459204546))",9
10,,"POLYGON ((3469932.6788661173 460.6410584256896, 3470963.20563032 460.6736767216043, 3470963.202031463 -562.9905958042209, 3469932.675268857 -562.9507328931257, 3469932.6788661173 460.6410584256896))",10
11,,"POLYGON ((3470963.20563032 460.6736767216043, 3471993.805380395 460.7063094842853, 3471993.8017799417 -563.0304763951918, 3470963.202031463 -562.9905958042209, 3470963.20563032 460.6736767216043))",11
12,,"POLYGON ((3471993.805380395 460.7063094842853, 3473024.4781487132 460.73895671823107, 3473024.4745466644 -563.070374671536, 3471993.8017799417 -563.0304763951918, 3471993.805380395 460.7063094842853))",12
13,,"POLYGON ((3473024.4781487132 460.73895671823107, 3474055.22396765 460.77161842794254, 3474055.220364005 -563.1102906387539, 3473024.4745466644 -563.070374671536, 3473024.4781487132 460.73895671823107))",13
14,,"POLYGON ((3474055.22396765 460.77161842794254, 3475086.042869598 460.80429461792335, 3475086.039264355 -563.15022430235, 3474055.220364005 -563.1102906387539, 3474055.22396765 460.77161842794254))",14
15,,"POLYGON ((3475086.042869598 460.80429461792335, 3476116.9348869547 460.83698529268025, 3476116.931280113 -563.1901756678315, 3475086.039264355 -563.15022430235, 3475086.042869598 460.80429461792335))",15
16,,"POLYGON ((3476116.9348869547 460.83698529268025, 3477147.9000521256 460.8696904567225, 3477147.896443686 -563.2301447407093, 3476116.931280113 -563.1901756678315, 3476116.9348869547 460.83698529268025))",16
17,,"POLYGON ((3477147.9000521256 460.8696904567225, 3478178.938397534 460.9024101145622, 3478178.934787494 -563.2701315264975, 3477147.896443686 -563.2301447407093, 3477147.9000521256 460.8696904567225))",17
18,,"POLYGON ((3459631.4147519963 -562.5530749683086, 3460661.2134339144 -562.5927613822662, 3460661.138157857 -1585.5336614611329, 3459631.3395093563 -1585.421814762699, 3459631.4147519963 -562.5530749683086))",18
19,,"POLYGON ((3460661.2134339144 -562.5927613822662, 3461691.084778575 -562.6324654213097, 3461691.0094690896 -1585.6455578316695, 3460661.138157857 -1585.5336614611329, 3460661.2134339144 -562.5927613822662))",19
20,,"POLYGON ((3461691.084778575 -562.6324654213097, 3462721.0288182464 -562.6721870909031, 3462720.953475321 -1585.7575038897076, 3461691.0094690896 -1585.6455578316695, 3461691.084778575 -562.6324654213097))",20
21,,"POLYGON ((3462721.0288182464 -562.6721870909031, 3463751.0455852067 -562.7119263965137, 3463750.970208832 -1585.869499650656, 3462720.953475321 -1585.7575038897076, 3462721.0288182464 -562.6721870909031))",21
22,,"POLYGON ((3463751.0455852067 -562.7119263965137, 3464781.1351117427 -562.7516833436118, 3464781.059701908 -1585.9815451299319, 3463750.970208832 -1585.869499650656, 3463751.0455852067 -562.7119263965137))",22
23,168.4726104736328,"POLYGON ((3464781.1351117427 -562.7516833436118, 3465811.297430155 -562.7914579376719, 3465811.221986851 -1586.093640342962, 3464781.059701908 -1585.9815451299319, 3464781.1351117427 -562.7516833436118))",23
24,318.64385986328125,"POLYGON ((3465811.297430155 -562.7914579376719, 3466841.5325727486 -562.8312501841709, 3466841.4570959634 -1586.2057853051833, 3465811.221986851 -1586.093640342962, 3465811.297430155 -562.7914579376719))",24
25,225.40296936035156,"POLYGON ((3466841.5325727486 -562.8312501841709, 3467871.840571844 -562.8710600885897, 3467871.7650615685 -1586.3179800320418, 3466841.4570959634 -1586.2057853051833, 3466841.5325727486 -562.8312501841709))",25
26,155.44802856445312,"POLYGON ((3467871.840571844 -562.8710600885897, 3468902.2214597664 -562.9108876564122, 3468902.1459159898 -1586.4302245389924, 3467871.7650615685 -1586.3179800320418, 3467871.840571844 -562.8710600885897))",26
27,99.73542022705078,"POLYGON ((3468902.2214597664 -562.9108876564122, 3469932.675268857 -562.9507328931257, 3469932.599691569 -1586.5425188415002, 3468902.1459159898 -1586.4302245389924, 3468902.2214597664 -562.9108876564122))",27
28,86.33958435058594,"POLYGON ((3469932.675268857 -562.9507328931257, 3470963.202031463 -562.9905958042209, 3470963.1264206525 -1586.6548629550393, 3469932.599691569 -1586.5425188415002, 3469932.675268857 -562.9507328931257))",28
29,,"POLYGON ((3470963.202031463 -562.9905958042209, 3471993.8017799417 -563.0304763951918, 3471993.7261355994 -1586.767256895093, 3470963.1264206525 -1586.6548629550393, 3470963.202031463 -562.9905958042209))",29
30,,"POLYGON ((3471993.8017799417 -563.0304763951918, 3473024.4745466644 -563.070374671536, 3473024.3988687787 -1586.8797006771554, 3471993.7261355994 -1586.767256895093, 3471993.8017799417 -563.0304763951918))",30
31,,"POLYGON ((3473024.4745466644 -563.070374671536, 3474055.220364005 -563.1102906387539, 3474055.144652566 -1586.9921943167274, 3473024.3988687787 -1586.8797006771554, 3473024.4745466644 -563.070374671536))",31
32,,"POLYGON ((3474055.220364005 -563.1102906387539, 3475086.039264355 -563.15022430235, 3475085.963519352 -1587.1047378293224, 3474055.144652566 -1586.9921943167274, 3474055.220364005 -563.1102906387539))",32
33,,"POLYGON ((3475086.039264355 -563.15022430235, 3476116.931280113 -563.1901756678315, 3476116.8555015353 -1587.2173312304615, 3475085.963519352 -1587.1047378293224, 3475086.039264355 -563.15022430235))",33
34,,"POLYGON ((3476116.931280113 -563.1901756678315, 3477147.896443686 -563.2301447407093, 3477147.8206315245 -1587.3299745356755, 3476116.8555015353 -1587.2173312304615, 3476116.931280113 -563.1901756678315))",34
35,,"POLYGON ((3477147.896443686 -563.2301447407093, 3478178.934787494 -563.2701315264975, 3478178.8589417376 -1587.442667760505, 3477147.8206315245 -1587.3299745356755, 3477147.896443686 -563.2301447407093))",35
36,,"POLYGON ((3459631.3395093563 -1585.421814762699, 3460661.138157857 -1585.5336614611329, 3460660.991188669 -2608.47454652014, 3459631.192605414 -2608.2905395500156, 3459631.3395093563 -1585.421814762699))",36
37,,"POLYGON ((3460661.138157857 -1585.5336614611329, 3461691.0094690896 -1585.6455578316695, 3461690.8624346345 -2608.658635209375, 3460660.991188669 -2608.47454652014, 3460661.138157857 -1585.5336614611329))",37
38,,"POLYGON ((3461691.0094690896 -1585.6455578316695, 3462720.953475321 -1585.7575038897076, 3462720.8063755813 -2608.8428056430557, 3461690.8624346345 -2608.658635209375, 3461691.0094690896 -1585.6455578316695))",38
39,,"POLYGON ((3462720.953475321 -1585.7575038897076, 3463750.970208832 -1585.869499650656, 3463750.8230437846 -2609.02705784653, 3462720.8063755813 -2608.8428056430557, 3462720.953475321 -1585.7575038897076))",39
40,,"POLYGON ((3463750.970208832 -1585.869499650656, 3464781.059701908 -1585.9815451299319, 3464780.912471535 -2609.211391845164, 3463750.8230437846 -2609.02705784653, 3463750.970208832 -1585.869499650656))",40
41,178.1832733154297,"POLYGON ((3464781.059701908 -1585.9815451299319, 3465811.221986851 -1586.093640342962, 3465811.0746911303 -2609.3958076643376, 3464780.912471535 -2609.211391845164, 3464781.059701908 -1585.9815451299319))",41
42,292.0111999511719,"POLYGON ((3465811.221986851 -1586.093640342962, 3466841.4570959634 -1586.2057853051833, 3466841.309734876 -2609.5803053294453, 3465811.0746911303 -2609.3958076643376, 3465811.221986851 -1586.093640342962))",42
43,300.3393859863281,"POLYGON ((3466841.4570959634 -1586.2057853051833, 3467871.7650615685 -1586.3179800320418, 3467871.617635092 -2609.764884865899, 3466841.309734876 -2609.5803053294453, 3466841.4570959634 -1586.2057853051833))",43
44,158.80223083496094,"POLYGON ((3467871.7650615685 -1586.3179800320418, 3468902.1459159898 -1586.4302245389924, 3468901.998424106 -2609.949546299126, 3467871.617635092 -2609.764884865899, 3467871.7650615685 -1586.3179800320418))",44
45,125.0830078125,"POLYGON ((3468902.1459159898 -1586.4302245389924, 3469932.599691569 -1586.5425188415002, 3469932.452134256 -2610.134289654567, 3468901.998424106 -2609.949546299126, 3468902.1459159898 -1586.4302245389924))",45
46,123.73841857910156,"POLYGON ((3469932.599691569 -1586.5425188415002, 3470963.1264206525 -1586.6548629550393, 3470962.978797892 -2610.3191149576814, 3469932.452134256 -2610.134289654567, 3469932.599691569 -1586.5425188415002))",46
47,,"POLYGON ((3470963.1264206525 -1586.6548629550393, 3471993.7261355994 -1586.767256895093, 3471993.57844737 -2610.5040222339408, 3470962.978797892 -2610.3191149576814, 3470963.1264206525 -1586.6548629550393))",47
48,,"POLYGON ((3471993.7261355994 -1586.767256895093, 3473024.3988687787 -1586.8797006771554, 3473024.2511150604 -2610.6890115088354, 3471993.57844737 -2610.5040222339408, 3471993.7261355994 -1586.767256895093))",48
49,,"POLYGON ((3473024.3988687787 -1586.8797006771554, 3474055.144652566 -1586.9921943167274, 3474054.996833338 -2610.8740828078694, 3473024.2511150604 -2610.6890115088354, 3473024.3988687787 -1586.8797006771554))",49
50,,"POLYGON ((3474055.144652566 -1586.9921943167274, 3475085.963519352 -1587.1047378293224, 3475085.8156345948 -2611.0592361565614, 3474054.996833338 -2610.8740828078694, 3474055.144652566 -1586.9921943167274))",50
51,,"POLYGON ((3475085.963519352 -1587.1047378293224, 3476116.8555015353 -1587.2173312304615, 3476116.707551228 -2611.244471580448, 3475085.8156345948 -2611.0592361565614, 3475085.963519352 -1587.1047378293224))",51
52,,"POLYGON ((3476116.8555015353 -1587.2173312304615, 3477147.8206315245 -1587.3299745356755, 3477147.672615645 -2611.42978910508, 3476116.707551228 -2611.244471580448, 3476116.8555015353 -1587.2173312304615))",52
53,,"POLYGON ((3477147.8206315245 -1587.3299745356755, 3478178.8589417376 -1587.442667760505, 3478178.7108602673 -2611.615188756024, 3477147.672615645 -2611.42978910508, 3477147.8206315245 -1587.3299745356755))",53
54,,"POLYGON ((3459631.192605414 -2608.2905395500156, 3460660.991188669 -2608.47454652014, 3460660.772526356 -3631.4154068689063, 3459630.9740401744 -3631.159239648129, 3459631.192605414 -2608.2905395500156))",54
55,,"POLYGON ((3460660.991188669 -2608.47454652014, 3461690.8624346345 -2608.658635209375, 3461690.643675219 -3631.6716878557913, 3460660.772526356 -3631.4154068689063, 3460660.991188669 -2608.47454652014))",55
56,,"POLYGON ((3461690.8624346345 -2608.658635209375, 3462720.8063755813 -2608.8428056430557, 3462720.5875190315 -3631.9280826440513, 3461690.643675219 -3631.6716878557913, 3461690.8624346345 -2608.658635209375))",56
57,209.4232635498047,"POLYGON ((3462720.8063755813 -2608.8428056430557, 3463750.8230437846 -2609.02705784653, 3463750.6040900717 -3632.184591268977, 3462720.5875190315 -3631.9280826440513, 3462720.8063755813 -2608.8428056430557))",57
58,178.94342041015625,"POLYGON ((3463750.8230437846 -2609.02705784653, 3464780.912471535 -2609.211391845164, 3464780.6934206286 -3632.441213765878, 3463750.6040900717 -3632.184591268977, 3463750.8230437846 -2609.02705784653))",58
59,210.23013305664062,"POLYGON ((3464780.912471535 -2609.211391845164, 3465811.0746911303 -2609.3958076643376, 3465810.8555429988 -3632.697950170091, 3464780.6934206286 -3632.441213765878, 3464780.912471535 -2609.211391845164))",59
60,281.0091552734375,"POLYGON ((3465811.0746911303 -2609.3958076643376, 3466841.309734876 -2609.5803053294453, 3466841.090489492 -3632.9548005169686, 3465810.8555429988 -3632.697950170091, 3465811.0746911303 -2609.3958076643376))",60
61,411.1065979003906,"POLYGON ((3466841.309734876 -2609.5803053294453, 3467871.617635092 -2609.764884865899, 3467871.3982924237 -3633.211764841887, 3466841.090489492 -3632.9548005169686, 3466841.309734876 -2609.5803053294453))",61
62,166.4521026611328,"POLYGON ((3467871.617635092 -2609.764884865899, 3468901.998424106 -2609.949546299126, 3468901.778984123 -3633.4688431802456, 3467871.3982924237 -3633.211764841887, 3467871.617635092 -2609.764884865899))",62
63,100.14468383789062,"POLYGON ((3468901.998424106 -2609.949546299126, 3469932.452134256 -2610.134289654567, 3469932.232596929 -3633.726035567464, 3468901.778984123 -3633.4688431802456, 3468901.998424106 -2609.949546299126))",63
64,112.2190170288086,"POLYGON ((3469932.452134256 -2610.134289654567, 3470962.978797892 -2610.3191149576814, 3470962.7591631897 -3633.983342038982, 3469932.232596929 -3633.726035567464, 3469932.452134256 -2610.134289654567))",64
65,149.3740997314453,"POLYGON ((3470962.978797892 -2610.3191149576814, 3471993.57844737 -2610.5040222339408, 3471993.3587152627 -3634.2407626302625, 3470962.7591631897 -3633.983342038982, 3470962.978797892 -2610.3191149576814))",65
66,284.05499267578125,"POLYGON ((3471993.57844737 -2610.5040222339408, 3473024.2511150604 -2610.6890115088354, 3473024.0312855165 -3634.498297376791, 3471993.3587152627 -3634.2407626302625, 3471993.57844737 -2610.5040222339408))",66
67,286.9686584472656,"POLYGON ((3473024.2511150604 -2610.6890115088354, 3474054.996833338 -2610.8740828078694, 3474054.7769063283 -3634.7559463140738, 3473024.0312855165 -3634.498297376791, 3473024.2511150604 -2610.6890115088354))",67
68,227.16770935058594,"POLYGON ((3474054.996833338 -2610.8740828078694, 3475085.8156345948 -2611.0592361565614, 3475085.5956100887 -3635.0137094776373, 3474054.7769063283 -3634.7559463140738, 3474054.996833338 -2610.8740828078694))",68
69,37.00416946411133,"POLYGON ((3475085.8156345948 -2611.0592361565614, 3476116.707551228 -2611.244471580448, 3476116.4874291955 -3635.271586903033, 3475085.5956100887 -3635.0137094776373, 3475085.8156345948 -2611.0592361565614))",69
70,43.960350036621094,"POLYGON ((3476116.707551228 -2611.244471580448, 3477147.672615645 -2611.42978910508, 3477147.452396056 -3635.52957862583, 3476116.4874291955 -3635.271586903033, 3476116.707551228 -2611.244471580448))",70
71,46.57849884033203,"POLYGON ((3477147.672615645 -2611.42978910508, 3478178.7108602673 -2611.615188756024, 3478178.490543091 -3635.7876846816216, 3477147.452396056 -3635.52957862583, 3477147.672615645 -2611.42978910508))",71
72,,"POLYGON ((3459630.9740401744 -3631.159239648129, 3460660.772526356 -3631.4154068689063, 3460660.48217093 -4654.356232817057, 3459630.683813651 -4654.02790537491, 3459630.9740401744 -3631.159239648129))",72
73,,"POLYGON ((3460660.772526356 -3631.4154068689063, 3461690.643675219 -3631.6716878557913, 3461690.3531908537 -4654.684706072287, 3460660.48217093 -4654.356232817057, 3460660.772526356 -3631.4154068689063))",73
74,,"POLYGON ((3461690.643675219 -3631.6716878557913, 3462720.5875190315 -3631.9280826440513, 3462720.2969056843 -4655.013325185802, 3461690.3531908537 -4654.684706072287, 3461690.643675219 -3631.6716878557913))",74
75,191.89010620117188,"POLYGON ((3462720.5875190315 -3631.9280826440513, 3463750.6040900717 -3632.184591268977, 3463750.313347705 -4655.342090202837, 3462720.2969056843 -4655.013325185802, 3462720.5875190315 -3631.9280826440513))",75
76,160.49122619628906,"POLYGON ((3463750.6040900717 -3632.184591268977, 3464780.6934206286 -3632.441213765878, 3464780.4025492 -4655.671001168646, 3463750.313347705 -4655.342090202837, 3463750.6040900717 -3632.184591268977))",76
77,179.5067901611328,"POLYGON ((3464780.6934206286 -3632.441213765878, 3465810.8555429988 -3632.697950170091, 3465810.5645424705 -4656.000058128519, 3464780.4025492 -4655.671001168646, 3464780.6934206286 -3632.441213765878))",77
78,186.42123413085938,"POLYGON ((3465810.8555429988 -3632.697950170091, 3466841.090489492 -3632.9548005169686, 3466840.7993598217 -4656.329261127768, 3465810.5645424705 -4656.000058128519, 3465810.8555429988 -3632.697950170091))",78
79,193.9820556640625,"POLYGON ((3466841.090489492 -3632.9548005169686, 3467871.3982924237 -3633.211764841887, 3467871.1070335736 -4656.658610211735, 3466840.7993598217 -4656.329261127768, 3466841.090489492 -3632.9548005169686))",79
80,201.23248291015625,"POLYGON ((3467871.3982924237 -3633.211764841887, 3468901.778984123 -3633.4688431802456, 3468901.487596051 -4656.988105425789, 3467871.1070335736 -4656.658610211735, 3467871.3982924237 -3633.211764841887))",80
81,166.43690490722656,"POLYGON ((3468901.778984123 -3633.4688431802456, 3469932.232596929 -3633.726035567464, 3469931.941079596 -4657.317746815328, 3468901.487596051 -4656.988105425789, 3468901.778984123 -3633.4688431802456))",81
82,101.01292419433594,"POLYGON ((3469932.232596929 -3633.726035567464, 3470962.7591631897 -3633.983342038982, 3470962.467516556 -4657.647534425777, 3469931.941079596 -4657.317746815328, 3469932.232596929 -3633.726035567464))",82
83,108.06884765625,"POLYGON ((3470962.7591631897 -3633.983342038982, 3471993.3587152627 -3634.2407626302625, 3471993.066939287 -4657.977468302587, 3470962.467516556 -4657.647534425777, 3470962.7591631897 -3633.983342038982))",83
84,222.6809844970703,"POLYGON ((3471993.3587152627 -3634.2407626302625, 3473024.0312855165 -3634.498297376791, 3473023.739380158 -4658.307548491238, 3471993.066939287 -4657.977468302587, 3471993.3587152627 -3634.2407626302625))",84
85,244.36141967773438,"POLYGON ((3473024.0312855165 -3634.498297376791, 3474054.7769063283 -3634.7559463140738, 3474054.484871549 -4658.637775037239, 3473023.739380158 -4658.307548491238, 3473024.0312855165 -3634.498297376791))",85
86,301.36431884765625,"POLYGON ((3474054.7769063283 -3634.7559463140738, 3475085.5956100887 -3635.0137094776373, 3475085.303445847 -4658.968147986125, 3474054.484871549 -4658.637775037239, 3474054.7769063283 -3634.7559463140738))",86
87,98.16043853759766,"POLYGON ((3475085.5956100887 -3635.0137094776373, 3476116.4874291955 -3635.271586903033, 3476116.1951354505 -4659.298667383459, 3475085.303445847 -4658.968147986125, 3475085.5956100887 -3635.0137094776373))",87
88,53.33625411987305,"POLYGON ((3476116.4874291955 -3635.271586903033, 3477147.452396056 -3635.52957862583, 3477147.159972768 -4659.629333274835, 3476116.1951354505 -4659.298667383459, 3476116.4874291955 -3635.271586903033))",88
89,32.447425842285156,"POLYGON ((3477147.452396056 -3635.52957862583, 3478178.490543091 -3635.7876846816216, 3478178.19799022 -4659.960145705869, 3477147.159972768 -4659.629333274835, 3477147.452396056 -3635.52957862583))",89
90,,"POLYGON ((3459630.683813651 -4654.02790537491, 3460660.48217093 -4654.356232817057, 3460660.120122407 -5677.297014674217, 3459630.3219258552 -5676.896527048237, 3459630.683813651 -4654.02790537491))",90
91,,"POLYGON ((3460660.48217093 -4654.356232817057, 3461690.3531908537 -4654.684706072287, 3461689.990981552 -5677.697680160233, 3460660.120122407 -5677.297014674217, 3460660.48217093 -4654.356232817057))",91
92,167.46963500976562,"POLYGON ((3461690.3531908537 -4654.684706072287, 3462720.2969056843 -4655.013325185802, 3462719.934535555 -5678.098523561423, 3461689.990981552 -5677.697680160233, 3461690.3531908537 -4654.684706072287))",92
93,117.26940155029297,"POLYGON ((3462720.2969056843 -4655.013325185802, 3463750.313347705 -4655.342090202837, 3463749.9508166974 -5678.499544932959, 3462719.934535555 -5678.098523561423, 3462720.2969056843 -4655.013325185802))",93
94,85.96515655517578,"POLYGON ((3463750.313347705 -4655.342090202837, 3464780.4025492 -4655.671001168646, 3464780.0398572655 -5678.900744330044, 3463749.9508166974 -5678.499544932959, 3463750.313347705 -4655.342090202837))",94
95,82.85173797607422,"POLYGON ((3464780.4025492 -4655.671001168646, 3465810.5645424705 -4656.000058128519, 3465810.201689558 -5679.302121807923, 3464780.0398572655 -5678.900744330044, 3464780.4025492 -4655.671001168646))",95
96,87.41961669921875,"POLYGON ((3465810.5645424705 -4656.000058128519, 3466840.7993598217 -4656.329261127768, 3466840.4363458813 -5679.703677421865, 3465810.201689558 -5679.302121807923, 3465810.5645424705 -4656.000058128519))",96
97,140.43862915039062,"POLYGON ((3466840.7993598217 -4656.329261127768, 3467871.1070335736 -4656.658610211735, 3467870.743858556 -5680.105411227176, 3466840.4363458813 -5679.703677421865, 3466840.7993598217 -4656.329261127768))",97
98,202.82142639160156,"POLYGON ((3467871.1070335736 -4656.658610211735, 3468901.487596051 -4656.988105425789, 3468901.124259905 -5680.507323279197, 3467870.743858556 -5680.105411227176, 3467871.1070335736 -4656.658610211735))",98
99,286.3087463378906,"POLYGON ((3468901.487596051 -4656.988105425789, 3469931.941079596 -4657.317746815328, 3469931.5775822722 -5680.909413633307, 3468901.124259905 -5680.507323279197, 3468901.487596051 -4656.988105425789))",99
100,231.81979370117188,"POLYGON ((3469931.941079596 -4657.317746815328, 3470962.467516556 -4657.647534425777, 3470962.1038580043 -5681.311682344909, 3469931.5775822722 -5680.909413633307, 3469931.941079596 -4657.317746815328))",100
101,174.0746307373047,"POLYGON ((3470962.467516556 -4657.647534425777, 3471993.066939287 -4657.977468302587, 3471992.703119457 -5681.714129469447, 3470962.1038580043 -5681.311682344909, 3470962.467516556 -4657.647534425777))",101
102,234.05511474609375,"POLYGON ((3471993.066939287 -4657.977468302587, 3473023.739380158 -4658.307548491238, 3473023.375399001 -5682.116755062397, 3471992.703119457 -5681.714129469447, 3471993.066939287 -4657.977468302587))",102
103,183.9224090576172,"POLYGON ((3473023.739380158 -4658.307548491238, 3474054.484871549 -4658.637775037239, 3474054.1207290124 -5682.519559179267, 3473023.375399001 -5682.116755062397, 3473023.739380158 -4658.307548491238))",103
104,274.7069396972656,"POLYGON ((3474054.484871549 -4658.637775037239, 3475085.303445847 -4658.968147986125, 3475084.939141881 -5682.922541875602, 3474054.1207290124 -5682.519559179267, 3474054.484871549 -4658.637775037239))",104
105,186.46865844726562,"POLYGON ((3475085.303445847 -4658.968147986125, 3476116.1951354505 -4659.298667383459, 3476115.8306700075 -5683.32570320698, 3475084.939141881 -5682.922541875602, 3475085.303445847 -4658.968147986125))",105
106,46.656044006347656,"POLYGON ((3476116.1951354505 -4659.298667383459, 3477147.159972768 -4659.629333274835, 3477146.7953457967 -5683.72904322901, 3476115.8306700075 -5683.32570320698, 3476116.1951354505 -4659.298667383459))",106
107,39.624351501464844,"POLYGON ((3477147.159972768 -4659.629333274835, 3478178.19799022 -4659.960145705869, 3478177.833201668 -5684.13256199734, 3477146.7953457967 -5683.72904322901, 3477147.159972768 -4659.629333274835))",107
108,,"POLYGON ((3459630.3219258552 -5676.896527048237, 3460660.120122407 -5677.297014674217, 3460659.686380804 -6700.237742750024, 3459629.8883768087 -6699.7650949859935, 3459630.3219258552 -5676.896527048237))",108
109,132.85577392578125,"POLYGON ((3460660.120122407 -5677.297014674217, 3461689.990981552 -5677.697680160233, 3461689.5570473336 -6700.710600421014, 3460659.686380804 -6700.237742750024, 3460660.120122407 -5677.297014674217))",109
110,109.02172088623047,"POLYGON ((3461689.990981552 -5677.697680160233, 3462719.934535555 -5678.098523561423, 3462719.5004086616 -6701.1836680640345, 3461689.5570473336 -6700.710600421014, 3461689.990981552 -5677.697680160233))",110
111,86.22512817382812,"POLYGON ((3462719.934535555 -5678.098523561423, 3463749.9508166974 -5678.499544932959, 3463749.516497069 -6701.656945744199, 3462719.5004086616 -6701.1836680640345, 3462719.934535555 -5678.098523561423))",111
112,70.22713470458984,"POLYGON ((3463749.9508166974 -5678.499544932959, 3464780.0398572655 -5678.900744330044, 3464779.6053448417 -6702.13043352666, 3463749.516497069 -6701.656945744199, 3463749.9508166974 -5678.499544932959))",112
113,79.86869049072266,"POLYGON ((3464780.0398572655 -5678.900744330044, 3465810.201689558 -5679.302121807923, 3465809.7669842793 -6702.604131476612, 3464779.6053448417 -6702.13043352666, 3464780.0398572655 -5678.900744330044))",113
114,73.27375030517578,"POLYGON ((3465810.201689558 -5679.302121807923, 3466840.4363458813 -5679.703677421865, 3466840.001447689 -6703.078039659285, 3465809.7669842793 -6702.604131476612, 3465810.201689558 -5679.302121807923))",114
115,101.02043914794922,"POLYGON ((3466840.4363458813 -5679.703677421865, 3467870.743858556 -5680.105411227176, 3467870.3087673886 -6703.552158139952, 3466840.001447689 -6703.078039659285, 3466840.4363458813 -5679.703677421865))",115
116,151.99020385742188,"POLYGON ((3467870.743858556 -5680.105411227176, 3468901.124259905 -5680.507323279197, 3468900.688975704 -6704.026486983921, 3467870.3087673886 -6703.552158139952, 3467870.743858556 -5680.105411227176))",116
117,188.39039611816406,"POLYGON ((3468901.124259905 -5680.507323279197, 3469931.5775822722 -5680.909413633307, 3469931.142104977 -6704.501026256552, 3468900.688975704 -6704.026486983921, 3468901.124259905 -5680.507323279197))",117
118,277.7610168457031,"POLYGON ((3469931.5775822722 -5680.909413633307, 3470962.1038580043 -5681.311682344909, 3470961.6681875545 -6704.97577602323, 3469931.142104977 -6704.501026256552, 3469931.5775822722 -5680.909413633307))",118
119,380.49688720703125,"POLYGON ((3470962.1038580043 -5681.311682344909, 3471992.703119457 -5681.714129469447, 3471992.267255793 -6705.450736349384, 3470961.6681875545 -6704.97577602323, 3470962.1038580043 -5681.311682344909))",119
120,445.52520751953125,"POLYGON ((3471992.703119457 -5681.714129469447, 3473023.375399001 -5682.116755062397, 3473022.9393420625 -6705.925907300496, 3471992.267255793 -6705.450736349384, 3471992.703119457 -5681.714129469447))",120
121,620.435302734375,"POLYGON ((3473023.375399001 -5682.116755062397, 3474054.1207290124 -5682.519559179267, 3474053.684478739 -6706.401288942068, 3473022.9393420625 -6705.925907300496, 3473023.375399001 -5682.116755062397))",121
122,341.3465270996094,"POLYGON ((3474054.1207290124 -5682.519559179267, 3475084.939141881 -5682.922541875602, 3475084.502698214 -6706.876881339655, 3474053.684478739 -6706.401288942068, 3474054.1207290124 -5682.519559179267))",122
123,232.65658569335938,"POLYGON ((3475084.939141881 -5682.922541875602, 3476115.8306700075 -5683.32570320698, 3476115.3940328844 -6707.3526845588485, 3475084.502698214 -6706.876881339655, 3475084.939141881 -5682.922541875602))",123
124,57.89649963378906,"POLYGON ((3476115.8306700075 -5683.32570320698, 3477146.7953457967 -5683.72904322901, 3477146.358515158 -6707.8286986652765, 3476115.3940328844 -6707.3526845588485, 3476115.8306700075 -5683.32570320698))",124
125,50.76051330566406,"POLYGON ((3477146.7953457967 -5683.72904322901, 3478177.833201668 -5684.13256199734, 3478177.3961774544 -6708.304923724617, 3477146.358515158 -6707.8286986652765, 3477146.7953457967 -5683.72904322901))",125
126,,"POLYGON ((3459629.8883768087 -6699.7650949859935, 3460659.686380804 -6700.237742750024, 3460659.180946143 -7723.178407354118, 3459629.3831665297 -7722.633599506068, 3459629.8883768087 -6699.7650949859935))",126
127,151.45623779296875,"POLYGON ((3460659.686380804 -6700.237742750024, 3461689.5570473336 -6700.710600421014, 3461689.0513882195 -7723.72345715601, 3460659.180946143 -7723.178407354118, 3460659.686380804 -6700.237742750024))",127
128,172.7321014404297,"POLYGON ((3461689.5570473336 -6700.710600421014, 3462719.5004086616 -6701.1836680640345, 3462718.994525024 -7724.268748986759, 3461689.0513882195 -7723.72345715601, 3461689.5570473336 -6700.710600421014))",128
129,196.97230529785156,"POLYGON ((3462719.5004086616 -6701.1836680640345, 3463749.516497069 -6701.656945744199, 3463749.01038884 -7724.814282921416, 3462718.994525024 -7724.268748986759, 3462719.5004086616 -6701.1836680640345))",129
130,135.5498046875,"POLYGON ((3463749.516497069 -6701.656945744199, 3464779.6053448417 -6702.13043352666, 3464779.0990119516 -7725.360059035081, 3463749.01038884 -7724.814282921416, 3463749.516497069 -6701.656945744199))",130
131,222.616455078125,"POLYGON ((3464779.6053448417 -6702.13043352666, 3465809.7669842793 -6702.604131476612, 3465809.2604266573 -7725.906077402899, 3464779.0990119516 -7725.360059035081, 3464779.6053448417 -6702.13043352666))",131
132,190.29283142089844,"POLYGON ((3465809.7669842793 -6702.604131476612, 3466840.001447689 -6703.078039659285, 3466839.494665265 -7726.452338100061, 3465809.2604266573 -7725.906077402899, 3465809.7669842793 -6702.604131476612))",132
133,86.30831909179688,"POLYGON ((3466840.001447689 -6703.078039659285, 3467870.3087673886 -6703.552158139952, 3467869.8017600942 -7726.998841201806, 3466839.494665265 -7726.452338100061, 3466840.001447689 -6703.078039659285))",133
134,121.91748046875,"POLYGON ((3467870.3087673886 -6703.552158139952, 3468900.688975704 -6704.026486983921, 3468900.181743468 -7727.5455867834135, 3467869.8017600942 -7726.998841201806, 3467870.3087673886 -6703.552158139952))",134
135,231.71588134765625,"POLYGON ((3468900.688975704 -6704.026486983921, 3469931.142104977 -6704.501026256552, 3469930.6346477303 -7728.092574920217, 3468900.181743468 -7727.5455867834135, 3468900.688975704 -6704.026486983921))",135
136,635.8819580078125,"POLYGON ((3469931.142104977 -6704.501026256552, 3470961.6681875545 -6704.97577602323, 3470961.1605052273 -7728.639805687587, 3469930.6346477303 -7728.092574920217, 3469931.142104977 -6704.501026256552))",136
137,931.19775390625,"POLYGON ((3470961.6681875545 -6704.97577602323, 3471992.267255793 -6705.450736349384, 3471991.7593483147 -7729.187279160949, 3470961.1605052273 -7728.639805687587, 3470961.6681875545 -6704.97577602323))",137
138,591.8392944335938,"POLYGON ((3471992.267255793 -6705.450736349384, 3473022.9393420625 -6705.925907300496, 3473022.4312093635 -7729.734995415768, 3471991.7593483147 -7729.187279160949, 3471992.267255793 -6705.450736349384))",138
139,456.75408935546875,"POLYGON ((3473022.9393420625 -6705.925907300496, 3474053.684478739 -6706.401288942068, 3474053.1761207506 -7730.282954527556, 3473022.4312093635 -7729.734995415768, 3473022.9393420625 -6705.925907300496))",139
140,292.7287292480469,"POLYGON ((3474053.684478739 -6706.401288942068, 3475084.502698214 -6706.876881339655, 3475083.994114864 -7730.831156571875, 3474053.1761207506 -7730.282954527556, 3474053.684478739 -6706.401288942068))",140
141,280.5079650878906,"POLYGON ((3475084.502698214 -6706.876881339655, 3476115.3940328844 -6707.3526845588485, 3476114.885224104 -7731.379601624329, 3475083.994114864 -7730.831156571875, 3475084.502698214 -6706.876881339655))",141
142,126.3684310913086,"POLYGON ((3476115.3940328844 -6707.3526845588485, 3477146.358515158 -6707.8286986652765, 3477145.849480876 -7731.928289760565, 3476114.885224104 -7731.379601624329, 3476115.3940328844 -6707.3526845588485))",142
143,68.52597045898438,"POLYGON ((3477146.358515158 -6707.8286986652765, 3478177.3961774544 -6708.304923724617, 3478176.8869176013 -7732.477221056291, 3477145.849480876 -7731.928289760565, 3477146.358515158 -6707.8286986652765))",143
144,,"POLYGON ((3459629.3831665297 -7722.633599506068, 3460659.180946143 -7723.178407354118, 3460658.603818448 -8746.118998796153, 3459628.806295046 -8745.502030926371, 3459629.3831665297 -7722.633599506068))",144
145,159.73553466796875,"POLYGON ((3460659.180946143 -7723.178407354118, 3461689.0513882195 -7723.72345715601, 3461688.4740042337 -8746.73624066663, 3460658.603818448 -8746.118998796153, 3460659.180946143 -7723.178407354118))",145
146,271.2620544433594,"POLYGON ((3461689.0513882195 -7723.72345715601, 3462718.994525024 -7724.268748986759, 3462718.4168846696 -8747.353756622742, 3461688.4740042337 -8746.73624066663, 3461689.0513882195 -7723.72345715601))",146
147,287.6730041503906,"POLYGON ((3462718.994525024 -7724.268748986759, 3463749.01038884 -7724.814282921416, 3463748.4324920364 -8747.971546749488, 3462718.4168846696 -8747.353756622742, 3462718.994525024 -7724.268748986759))",147
148,269.407470703125,"POLYGON ((3463749.01038884 -7724.814282921416, 3464779.0990119516 -7725.360059035081, 3464778.5208586184 -8748.589611131913, 3463748.4324920364 -8747.971546749488, 3463749.01038884 -7724.814282921416))",148
149,344.1009216308594,"POLYGON ((3464779.0990119516 -7725.360059035081, 3465809.2604266573 -7725.906077402899, 3465808.6820167173 -8749.207949855114, 3464778.5208586184 -8748.589611131913, 3464779.0990119516 -7725.360059035081))",149
150,355.58941650390625,"POLYGON ((3465809.2604266573 -7725.906077402899, 3466839.494665265 -7726.452338100061, 3466838.9159986363 -8749.826563004244, 3465808.6820167173 -8749.207949855114, 3465809.2604266573 -7725.906077402899))",150
151,288.0163879394531,"POLYGON ((3466839.494665265 -7726.452338100061, 3467869.8017600942 -7726.998841201806, 3467869.2228366975 -8750.445450664502, 3466838.9159986363 -8749.826563004244, 3466839.494665265 -7726.452338100061))",151
152,243.26576232910156,"POLYGON ((3467869.8017600942 -7726.998841201806, 3468900.181743468 -7727.5455867834135, 3468899.6025632247 -8751.064612921144, 3467869.2228366975 -8750.445450664502, 3467869.8017600942 -7726.998841201806))",152
153,303.3728332519531,"POLYGON ((3468900.181743468 -7727.5455867834135, 3469930.6346477303 -7728.092574920217, 3469930.055210559 -8751.68404985948, 3468899.6025632247 -8751.064612921144, 3468900.181743468 -7727.5455867834135))",153
154,540.8603515625,"POLYGON ((3469930.6346477303 -7728.092574920217, 3470961.1605052273 -7728.639805687587, 3470960.580811049 -8752.30376156486, 3469930.055210559 -8751.68404985948, 3469930.6346477303 -7728.092574920217))",154
155,800.599853515625,"POLYGON ((3470961.1605052273 -7728.639805687587, 3471991.7593483147 -7729.187279160949, 3471991.1793970503 -8752.923748122701, 3470960.580811049 -8752.30376156486, 3470961.1605052273 -7728.639805687587))",155
156,426.5619201660156,"POLYGON ((3471991.7593483147 -7729.187279160949, 3473022.4312093635 -7729.734995415768, 3473021.851000932 -8753.544009618465, 3471991.1793970503 -8752.923748122701, 3471991.7593483147 -7729.187279160949))",156
157,283.3456726074219,"POLYGON ((3473022.4312093635 -7729.734995415768, 3474053.1761207506 -7730.282954527556, 3474052.5956550715 -8754.164546137667, 3473021.851000932 -8753.544009618465, 3473022.4312093635 -7729.734995415768))",157
158,283.0353088378906,"POLYGON ((3474053.1761207506 -7730.282954527556, 3475083.994114864 -7730.831156571875, 3475083.4133918583 -8754.78535776587, 3474052.5956550715 -8754.164546137667, 3474053.1761207506 -7730.282954527556))",158
159,308.9239196777344,"POLYGON ((3475083.994114864 -7730.831156571875, 3476114.885224104 -7731.379601624329, 3476114.304243691 -8755.4064445887, 3475083.4133918583 -8754.78535776587, 3475083.994114864 -7730.831156571875))",159
160,238.71771240234375,"POLYGON ((3476114.885224104 -7731.379601624329, 3477145.849480876 -7731.928289760565, 3477145.268242975 -8756.02780669182, 3476114.304243691 -8755.4064445887, 3476114.885224104 -7731.379601624329))",160
161,,"POLYGON ((3477145.849480876 -7731.928289760565, 3478176.8869176013 -7732.477221056291, 3478176.3054221333 -8756.649444160961, 3477145.268242975 -8756.02780669182, 3477145.849480876 -7731.928289760565))",161
162,,"POLYGON ((3459628.806295046 -8745.502030926371, 3460658.603818448 -8746.118998796153, 3460657.9549977486 -9769.05950738579, 3459628.157762385 -9768.370379564807, 3459628.806295046 -8745.502030926371))",162
163,347.6596984863281,"POLYGON ((3460658.603818448 -8746.118998796153, 3461688.4740042337 -8746.73624066663, 3461687.8248954075 -9769.74894125427, 3460657.9549977486 -9769.05950738579, 3460658.603818448 -8746.118998796153))",163
164,615.8306274414062,"POLYGON ((3461688.4740042337 -8746.73624066663, 3462718.4168846696 -8747.353756622742, 3462717.767487627 -9770.438681265125, 3461687.8248954075 -9769.74894125427, 3461688.4740042337 -8746.73624066663))",164
165,517.960205078125,"POLYGON ((3462718.4168846696 -8747.353756622742, 3463748.4324920364 -8747.971546749488, 3463747.782806687 -9771.12872751329, 3462717.767487627 -9770.438681265125, 3462718.4168846696 -8747.353756622742))",165
166,335.6556091308594,"POLYGON ((3463748.4324920364 -8747.971546749488, 3464778.5208586184 -8748.589611131913, 3464777.870884873 -9771.819080093763, 3463747.782806687 -9771.12872751329, 3463748.4324920364 -8747.971546749488))",166
167,341.4455871582031,"POLYGON ((3464778.5208586184 -8748.589611131913, 3465808.6820167173 -8749.207949855114, 3465808.031754487 -9772.50973910159, 3464777.870884873 -9771.819080093763, 3464778.5208586184 -8748.589611131913))",167
168,586.69287109375,"POLYGON ((3465808.6820167173 -8749.207949855114, 3466838.9159986363 -8749.826563004244, 3466838.2654478312 -9773.200704631881, 3465808.031754487 -9772.50973910159, 3465808.6820167173 -8749.207949855114))",168
169,688.6458129882812,"POLYGON ((3466838.9159986363 -8749.826563004244, 3467869.2228366975 -8750.445450664502, 3467868.5719972276 -9773.891976779803, 3466838.2654478312 -9773.200704631881, 3466838.9159986363 -8749.826563004244))",169
170,528.3356323242188,"POLYGON ((3467869.2228366975 -8750.445450664502, 3468899.6025632247 -8751.064612921144, 3468898.951435002 -9774.583555640587, 3467868.5719972276 -9773.891976779803, 3467869.2228366975 -8750.445450664502))",170
171,776.3763427734375,"POLYGON ((3468899.6025632247 -8751.064612921144, 3469930.055210559 -8751.68404985948, 3469929.403793493 -9775.27544130951, 3468898.951435002 -9774.583555640587, 3468899.6025632247 -8751.064612921144))",171
172,1646.1839599609375,"POLYGON ((3469930.055210559 -8751.68404985948, 3470960.580811049 -8752.30376156486, 3470959.9291050485 -9775.967633881917, 3469929.403793493 -9775.27544130951, 3469930.055210559 -8751.68404985948))",172
173,2980.0478515625,"POLYGON ((3470960.580811049 -8752.30376156486, 3471991.1793970503 -8752.923748122701, 3471990.527402027 -9776.660133453206, 3470959.9291050485 -9775.967633881917, 3470960.580811049 -8752.30376156486))",173
174,2011.930419921875,"POLYGON ((3471991.1793970503 -8752.923748122701, 3473021.851000932 -8753.544009618465, 3473021.1987167955 -9777.352940118839, 3471990.527402027 -9776.660133453206, 3471991.1793970503 -8752.923748122701))",174
175,675.3529663085938,"POLYGON ((3473021.851000932 -8753.544009618465, 3474052.5956550715 -8754.164546137667, 3474051.943081732 -9778.046053974329, 3473021.1987167955 -9777.352940118839, 3473021.851000932 -8753.544009618465))",175
176,229.60940551757812,"POLYGON ((3474052.5956550715 -8754.164546137667, 3475083.4133918583 -8754.78535776587, 3475082.7605292248 -9778.73947511525, 3474051.943081732 -9778.046053974329, 3474052.5956550715 -8754.164546137667))",176
177,216.4103240966797,"POLYGON ((3475083.4133918583 -8754.78535776587, 3476114.304243691 -8755.4064445887, 3476113.6510916743 -9779.43320363724, 3475082.7605292248 -9778.73947511525, 3475083.4133918583 -8754.78535776587))",177
178,251.70262145996094,"POLYGON ((3476114.304243691 -8755.4064445887, 3477145.268242975 -8756.02780669182, 3477144.614801486 -9780.127239635985, 3476113.6510916743 -9779.43320363724, 3476114.304243691 -8755.4064445887))",178
179,,"POLYGON ((3477145.268242975 -8756.02780669182, 3478176.3054221333 -8756.649444160961, 3478175.651691081 -9780.821583207238, 3477144.614801486 -9780.127239635985, 3477145.268242975 -8756.02780669182))",179
180,,"POLYGON ((3459628.157762385 -9768.370379564807, 3460657.9549977486 -9769.05950738579, 3460657.2344840793 -10791.999923432704, 3459627.4375685793 -10791.238635739299, 3459628.157762385 -9768.370379564807))",180
181,263.414794921875,"POLYGON ((3460657.9549977486 -9769.05950738579, 3461687.8248954075 -9769.74894125427, 3461687.1040617726 -10792.761549220357, 3460657.2344840793 -10791.999923432704, 3460657.9549977486 -9769.05950738579))",181
182,259.77093505859375,"POLYGON ((3461687.8248954075 -9769.74894125427, 3462717.767487627 -9770.438681265125, 3462717.0463339277 -10793.523513207072, 3461687.1040617726 -10792.761549220357, 3461687.8248954075 -9769.74894125427))",182
183,281.5203857421875,"POLYGON ((3462717.767487627 -9770.438681265125, 3463747.782806687 -9771.12872751329, 3463747.0613328246 -10794.285815497726, 3462717.0463339277 -10793.523513207072, 3462717.767487627 -9770.438681265125))",183
184,269.9155578613281,"POLYGON ((3463747.782806687 -9771.12872751329, 3464777.870884873 -9771.819080093763, 3464777.1490907483 -10795.048456197257, 3463747.0613328246 -10794.285815497726, 3463747.782806687 -9771.12872751329))",184
185,168.17108154296875,"POLYGON ((3464777.870884873 -9771.819080093763, 3465808.031754487 -9772.50973910159, 3465807.30964 -10795.811435410675, 3464777.1490907483 -10795.048456197257, 3464777.870884873 -9771.819080093763))",185
186,204.85812377929688,"POLYGON ((3465808.031754487 -9772.50973910159, 3466838.2654478312 -9773.200704631881, 3466837.543012884 -10796.574753243043, 3465807.30964 -10795.811435410675, 3465808.031754487 -9772.50973910159))",186
187,215.2176513671875,"POLYGON ((3466838.2654478312 -9773.200704631881, 3467868.5719972276 -9773.891976779803, 3467867.849241719 -10797.338409799497, 3466837.543012884 -10796.574753243043, 3466838.2654478312 -9773.200704631881))",187
188,440.1826477050781,"POLYGON ((3467868.5719972276 -9773.891976779803, 3468898.951435002 -9774.583555640587, 3468898.228358832 -10798.10240518523, 3467867.849241719 -10797.338409799497, 3467868.5719972276 -9773.891976779803))",188
189,1183.765625,"POLYGON ((3468898.951435002 -9774.583555640587, 3469929.403793493 -9775.27544130951, 3469928.680396564 -10798.866739505505, 3468898.228358832 -10798.10240518523, 3468898.951435002 -9774.583555640587))",189
190,3055.977783203125,"POLYGON ((3469929.403793493 -9775.27544130951, 3470959.9291050485 -9775.967633881917, 3470959.205387259 -10799.631412865649, 3469928.680396564 -10798.866739505505, 3469929.403793493 -9775.27544130951))",190
191,4951.60009765625,"POLYGON ((3470959.9291050485 -9775.967633881917, 3471990.527402027 -9776.660133453206, 3471989.8033632766 -10800.396425371046, 3470959.205387259 -10799.631412865649, 3470959.9291050485 -9775.967633881917))",191
192,2659.762939453125,"POLYGON ((3471990.527402027 -9776.660133453206, 3473021.1987167955 -9777.352940118839, 3473020.474356987 -10801.161777127156, 3471989.8033632766 -10800.396425371046, 3471990.527402027 -9776.660133453206))",192
193,527.1098022460938,"POLYGON ((3473021.1987167955 -9777.352940118839, 3474051.943081732 -9778.046053974329, 3474051.218400764 -10801.927468239493, 3473020.474356987 -10801.161777127156, 3473021.1987167955 -9777.352940118839))",193
194,227.8584442138672,"POLYGON ((3474051.943081732 -9778.046053974329, 3475082.7605292248 -9778.73947511525, 3475082.0355269983 -10802.693498813642, 3474051.218400764 -10801.927468239493, 3474051.943081732 -9778.046053974329))",194
195,146.7313690185547,"POLYGON ((3475082.7605292248 -9778.73947511525, 3476113.6510916743 -9779.43320363724, 3476112.925768089 -10803.459868955248, 3475082.0355269983 -10802.693498813642, 3475082.7605292248 -9778.73947511525))",195
196,128.91690063476562,"POLYGON ((3476113.6510916743 -9779.43320363724, 3477144.614801486 -9780.127239635985, 3477143.889156441 -10804.226578770023, 3476112.925768089 -10803.459868955248, 3476113.6510916743 -9779.43320363724))",196
197,,"POLYGON ((3477144.614801486 -9780.127239635985, 3478175.651691081 -9780.821583207238, 3478174.9257244766 -10804.993628363743, 3477143.889156441 -10804.226578770023, 3477144.614801486 -9780.127239635985))",197
198,,"POLYGON ((3459627.4375685793 -10791.238635739299, 3460657.2344840793 -10791.999923432704, 3460656.4422774725 -11814.940237246581, 3459626.6457136665 -11814.106789767788, 3459627.4375685793 -10791.238635739299))",198
199,,"POLYGON ((3460657.2344840793 -10791.999923432704, 3461687.1040617726 -10792.761549220357, 3461686.3115033642 -11815.774054866319, 3460656.4422774725 -11814.940237246581, 3460657.2344840793 -10791.999923432704))",199
200,111.21528625488281,"POLYGON ((3461687.1040617726 -10792.761549220357, 3462717.0463339277 -10793.523513207072, 3462716.253423608 -11816.608242741751, 3461686.3115033642 -11815.774054866319, 3461687.1040617726 -10792.761549220357))",200
201,197.4215545654297,"POLYGON ((3462717.0463339277 -10793.523513207072, 3463747.0613328246 -10794.285815497726, 3463746.268070485 -11817.442800987696, 3462716.253423608 -11816.608242741751, 3462717.0463339277 -10793.523513207072))",201
202,389.2477111816406,"POLYGON ((3463747.0613328246 -10794.285815497726, 3464777.1490907483 -10795.048456197257, 3464776.3554762797 -11818.277729719035, 3463746.268070485 -11817.442800987696, 3463747.0613328246 -10794.285815497726))",202
203,324.2254638671875,"POLYGON ((3464777.1490907483 -10795.048456197257, 3465807.30964 -10795.811435410675, 3465806.5156732923 -11819.113029050732, 3464776.3554762797 -11818.277729719035, 3464777.1490907483 -10795.048456197257))",203
204,93.67552947998047,"POLYGON ((3465807.30964 -10795.811435410675, 3466837.543012884 -10796.574753243043, 3466836.7486938275 -11819.948699097813, 3465806.5156732923 -11819.113029050732, 3465807.30964 -10795.811435410675))",204
205,46.504737854003906,"POLYGON ((3466837.543012884 -10796.574753243043, 3467867.849241719 -10797.338409799497, 3467867.054570206 -11820.78473997537, 3466836.7486938275 -11819.948699097813, 3466837.543012884 -10796.574753243043))",205
206,409.3614196777344,"POLYGON ((3467867.849241719 -10797.338409799497, 3468898.228358832 -10798.10240518523, 3468897.433334752 -11821.621151798578, 3467867.054570206 -11820.78473997537, 3467867.849241719 -10797.338409799497))",206
207,1496.93994140625,"POLYGON ((3468898.228358832 -10798.10240518523, 3469928.680396564 -10798.866739505505, 3469927.885019807 -11822.457934682672, 3468897.433334752 -11821.621151798578, 3468898.228358832 -10798.10240518523))",207
208,2583.845703125,"POLYGON ((3469928.680396564 -10798.866739505505, 3470959.205387259 -10799.631412865649, 3470958.4096577163 -11823.295088742958, 3469927.885019807 -11822.457934682672, 3469928.680396564 -10798.866739505505))",208
209,5150.23974609375,"POLYGON ((3470959.205387259 -10799.631412865649, 3471989.8033632766 -10800.396425371046, 3471989.0072808387 -11824.13261409482, 3470958.4096577163 -11823.295088742958, 3470959.205387259 -10799.631412865649))",209
210,2313.052734375,"POLYGON ((3471989.8033632766 -10800.396425371046, 3473020.474356987 -10801.161777127156, 3473019.6779215424 -11824.970510853704, 3471989.0072808387 -11824.13261409482, 3471989.8033632766 -10800.396425371046))",210
211,290.05615234375,"POLYGON ((3473020.474356987 -10801.161777127156, 3474051.218400764 -10801.927468239493, 3474050.421612205 -11825.80877913513, 3473019.6779215424 -11824.970510853704, 3473020.474356987 -10801.161777127156))",211
212,133.15786743164062,"POLYGON ((3474051.218400764 -10801.927468239493, 3475082.0355269983 -10802.693498813642, 3475081.238385215 -11826.647419054687, 3474050.421612205 -11825.80877913513, 3474051.218400764 -10801.927468239493))",212
213,96.46165466308594,"POLYGON ((3475082.0355269983 -10802.693498813642, 3476112.925768089 -10803.459868955248, 3476112.128272969 -11827.486430728039, 3475081.238385215 -11826.647419054687, 3475082.0355269983 -10802.693498813642))",213
214,60.682804107666016,"POLYGON ((3476112.925768089 -10803.459868955248, 3477143.889156441 -10804.226578770023, 3477143.091307876 -11828.325814270913, 3476112.128272969 -11827.486430728039, 3476112.925768089 -10803.459868955248))",214
215,,"POLYGON ((3477143.889156441 -10804.226578770023, 3478174.9257244766 -10804.993628363743, 3478174.1275223573 -11829.165569799117, 3477143.091307876 -11828.325814270913, 3477143.889156441 -10804.226578770023))",215
216,,"POLYGON ((3459626.6457136665 -11814.106789767788, 3460656.4422774725 -11814.940237246581, 3460655.5783779705 -12837.880439137129, 3459625.782197684 -12836.974831968228, 3459626.6457136665 -11814.106789767788))",216
217,,"POLYGON ((3460656.4422774725 -11814.940237246581, 3461686.3115033642 -11815.774054866319, 3461685.447220222 -12838.786448493613, 3460655.5783779705 -12837.880439137129, 3460656.4422774725 -11814.940237246581))",217
218,8.076085090637207,"POLYGON ((3461686.3115033642 -11815.774054866319, 3462716.253423608 -11816.608242741751, 3462715.3887567087 -12839.692860162359, 3461685.447220222 -12838.786448493613, 3461686.3115033642 -11815.774054866319))",218
219,123.8395767211914,"POLYGON ((3462716.253423608 -11816.608242741751, 3463746.268070485 -11817.442800987696, 3463745.4030197076 -12840.599674268125, 3462715.3887567087 -12839.692860162359, 3462716.253423608 -11816.608242741751))",219
220,419.74652099609375,"POLYGON ((3463746.268070485 -11817.442800987696, 3464776.3554762797 -11818.277729719035, 3464775.4900415065 -12841.506890935749, 3463745.4030197076 -12840.599674268125, 3463746.268070485 -11817.442800987696))",220
221,412.6043701171875,"POLYGON ((3464776.3554762797 -11818.277729719035, 3465806.5156732923 -11819.113029050732, 3465805.6498544035 -12842.41451029014, 3464775.4900415065 -12841.506890935749, 3464776.3554762797 -11818.277729719035))",221
222,,"POLYGON ((3465806.5156732923 -11819.113029050732, 3466836.7486938275 -11819.948699097813, 3466835.8824907043 -12843.322532456285, 3465805.6498544035 -12842.41451029014, 3465806.5156732923 -11819.113029050732))",222
223,261.4091796875,"POLYGON ((3466836.7486938275 -11819.948699097813, 3467867.054570206 -11820.78473997537, 3467866.18798273 -12844.23095755924, 3466835.8824907043 -12843.322532456285, 3466836.7486938275 -11819.948699097813))",223
224,566.28125,"POLYGON ((3467867.054570206 -11820.78473997537, 3468897.433334752 -11821.621151798578, 3468896.5663628015 -12845.139785724148, 3467866.18798273 -12844.23095755924, 3467867.054570206 -11820.78473997537))",224
225,1739.9937744140625,"POLYGON ((3468897.433334752 -11821.621151798578, 3469927.885019807 -11822.457934682672, 3469927.0176632633 -12846.049017076228, 3468896.5663628015 -12845.139785724148, 3468897.433334752 -11821.621151798578))",225
226,1726.9638671875,"POLYGON ((3469927.885019807 -11822.457934682672, 3470958.4096577163 -11823.295088742958, 3470957.5419164617 -12846.958651740766, 3469927.0176632633 -12846.049017076228, 3469927.885019807 -11822.457934682672))",226
227,3307.712158203125,"POLYGON ((3470958.4096577163 -11823.295088742958, 3471989.0072808387 -11824.13261409482, 3471988.139154752 -12847.868689843137, 3470957.5419164617 -12846.958651740766, 3470958.4096577163 -11823.295088742958))",227
228,1310.7855224609375,"POLYGON ((3471989.0072808387 -11824.13261409482, 3473019.6779215424 -11824.970510853704, 3473018.809410504 -12848.779131508778, 3471988.139154752 -12847.868689843137, 3471989.0072808387 -11824.13261409482))",228
229,224.03135681152344,"POLYGON ((3473019.6779215424 -11824.970510853704, 3474050.421612205 -11825.80877913513, 3474049.552716094 -12849.689976863208, 3473018.809410504 -12848.779131508778, 3473019.6779215424 -11824.970510853704))",229
230,138.50624084472656,"POLYGON ((3474050.421612205 -11825.80877913513, 3475081.238385215 -11826.647419054687, 3475080.3691039127 -12850.60122603204, 3474049.552716094 -12849.689976863208, 3474050.421612205 -11825.80877913513))",230
231,90.23709106445312,"POLYGON ((3475081.238385215 -11826.647419054687, 3476112.128272969 -11827.486430728039, 3476111.258606356 -12851.512879140933, 3475080.3691039127 -12850.60122603204, 3475081.238385215 -11826.647419054687))",231
232,76.53341674804688,"POLYGON ((3476112.128272969 -11827.486430728039, 3477143.091307876 -11828.325814270913, 3477142.2212558324 -12852.424936315647, 3476111.258606356 -12851.512879140933, 3476112.128272969 -11827.486430728039))",232
233,,"POLYGON ((3477143.091307876 -11828.325814270913, 3478174.1275223573 -11829.165569799117, 3478173.2570847613 -12853.337397682008, 3477142.2212558324 -12852.424936315647, 3477143.091307876 -11828.325814270913))",233
234,,"POLYGON ((3459625.782197684 -12836.974831968228, 3460655.5783779705 -12837.880439137129, 3460654.6427856153 -13860.820519414061, 3459624.8470206764 -13859.842752658586, 3459625.782197684 -12836.974831968228))",234
235,,"POLYGON ((3460655.5783779705 -12837.880439137129, 3461685.447220222 -12838.786448493613, 3461684.5112123904 -13861.798720403694, 3460654.6427856153 -13860.820519414061, 3460655.5783779705 -12837.880439137129))",235
236,,"POLYGON ((3461685.447220222 -12838.786448493613, 3462715.3887567087 -12839.692860162359, 3462714.4523332715 -13862.77735576209, 3461684.5112123904 -13861.798720403694, 3461685.447220222 -12838.786448493613))",236
237,4.754146575927734,"POLYGON ((3462715.3887567087 -12839.692860162359, 3463745.4030197076 -12840.599674268125, 3463744.4661805374 -13863.756425623957, 3462714.4523332715 -13862.77735576209, 3462715.3887567087 -12839.692860162359))",237
238,44.7977294921875,"POLYGON ((3463745.4030197076 -12840.599674268125, 3464775.4900415065 -12841.506890935749, 3464774.552786473 -13864.735930124065, 3463744.4661805374 -13863.756425623957, 3463745.4030197076 -12840.599674268125))",238
239,,"POLYGON ((3464775.4900415065 -12841.506890935749, 3465805.6498544035 -12842.41451029014, 3465804.7121833777 -13865.715869397289, 3464774.552786473 -13864.735930124065, 3464775.4900415065 -12841.506890935749))",239
240,,"POLYGON ((3465805.6498544035 -12842.41451029014, 3466835.8824907043 -12843.322532456285, 3466834.9444035566 -13866.696243578564, 3465804.7121833777 -13865.715869397289, 3465805.6498544035 -12842.41451029014))",240
241,230.58901977539062,"POLYGON ((3466835.8824907043 -12843.322532456285, 3467866.18798273 -12844.23095755924, 3467865.249479331 -13867.677052802923, 3466834.9444035566 -13866.696243578564, 3466835.8824907043 -12843.322532456285))",241
242,468.550537109375,"POLYGON ((3467866.18798273 -12844.23095755924, 3468896.5663628015 -12845.139785724148, 3468895.627443024 -13868.658297205473, 3467865.249479331 -13867.677052802923, 3467866.18798273 -12844.23095755924))",242
243,792.0650634765625,"POLYGON ((3468896.5663628015 -12845.139785724148, 3469927.0176632633 -12846.049017076228, 3469926.078326977 -13869.639976921411, 3468895.627443024 -13868.658297205473, 3468896.5663628015 -12845.139785724148))",243
244,1573.2452392578125,"POLYGON ((3469927.0176632633 -12846.049017076228, 3470957.5419164617 -12846.958651740766, 3470956.6021635365 -13870.622092086007, 3469926.078326977 -13869.639976921411, 3469927.0176632633 -12846.049017076228))",244
245,2641.882080078125,"POLYGON ((3470957.5419164617 -12846.958651740766, 3471988.139154752 -12847.868689843137, 3471987.1989850583 -13871.604642834618, 3470956.6021635365 -13870.622092086007, 3470957.5419164617 -12846.958651740766))",245
246,1101.7801513671875,"POLYGON ((3471988.139154752 -12847.868689843137, 3473018.809410504 -12848.779131508778, 3473017.8688239134 -13872.587629302689, 3471987.1989850583 -13871.604642834618, 3471988.139154752 -12847.868689843137))",246
247,235.08050537109375,"POLYGON ((3473018.809410504 -12848.779131508778, 3474049.552716094 -12849.689976863208, 3474048.6117124762 -13873.571051625737, 3473017.8688239134 -13872.587629302689, 3473018.809410504 -12848.779131508778))",247
248,121.34268951416016,"POLYGON ((3474049.552716094 -12849.689976863208, 3475080.3691039127 -12850.60122603204, 3475079.4276831364 -13874.55490993937, 3474048.6117124762 -13873.571051625737, 3474049.552716094 -12849.689976863208))",248
249,89.44351959228516,"POLYGON ((3475080.3691039127 -12850.60122603204, 3476111.258606356 -12851.512879140933, 3476110.316768294 -13875.539204379282, 3475079.4276831364 -13874.55490993937, 3475080.3691039127 -12850.60122603204))",249
250,146.8734588623047,"POLYGON ((3476111.258606356 -12851.512879140933, 3477142.2212558324 -12852.424936315647, 3477141.2790003526 -13876.523935081232, 3476110.316768294 -13875.539204379282, 3476111.258606356 -12851.512879140933))",250
251,,"POLYGON ((3477142.2212558324 -12852.424936315647, 3478173.2570847613 -12853.337397682008, 3478172.314411735 -13877.50910218109, 3477141.2790003526 -13876.523935081232, 3477142.2212558324 -12852.424936315647))",251
252,,"POLYGON ((3459624.8470206764 -13859.842752658586, 3460654.6427856153 -13860.820519414061, 3460653.6355004543 -14883.760468387125, 3459623.8401826904 -14882.710542156845, 3459624.8470206764 -13859.842752658586))",252
253,,"POLYGON ((3460654.6427856153 -13860.820519414061, 3461684.5112123904 -13861.798720403694, 3461683.503479916 -14884.810860898053, 3460653.6355004543 -14883.760468387125, 3460654.6427856153 -13860.820519414061))",253
254,,"POLYGON ((3461684.5112123904 -13861.798720403694, 3462714.4523332715 -13862.77735576209, 3462713.4441533447 -14885.861719834178, 3461683.503479916 -14884.810860898053, 3461684.5112123904 -13861.798720403694))",254
255,,"POLYGON ((3462714.4523332715 -13862.77735576209, 3463744.4661805374 -13863.756425623957, 3463743.4575530197 -14886.913045340145, 3462713.4441533447 -14885.861719834178, 3462714.4523332715 -13862.77735576209))",255
256,,"POLYGON ((3463744.4661805374 -13863.756425623957, 3464774.552786473 -13864.735930124065, 3464773.543711225 -14887.96483756068, 3463743.4575530197 -14886.913045340145, 3463744.4661805374 -13863.756425623957))",256
257,,"POLYGON ((3464774.552786473 -13864.735930124065, 3465804.7121833777 -13865.715869397289, 3465803.7026602617 -14889.017096640595, 3464773.543711225 -14887.96483756068, 3464774.552786473 -13864.735930124065))",257
258,,"POLYGON ((3465804.7121833777 -13865.715869397289, 3466834.9444035566 -13866.696243578564, 3466833.934432433 -14890.069822724796, 3465803.7026602617 -14889.017096640595, 3465804.7121833777 -13865.715869397289))",258
259,259.5677490234375,"POLYGON ((3466834.9444035566 -13866.696243578564, 3467865.249479331 -13867.677052802923, 3467864.239060061 -14891.123015958274, 3466833.934432433 -14890.069822724796, 3466834.9444035566 -13866.696243578564))",259
260,847.0924072265625,"POLYGON ((3467865.249479331 -13867.677052802923, 3468895.627443024 -13868.658297205473, 3468894.616575467 -14892.176676486111, 3467864.239060061 -14891.123015958274, 3467865.249479331 -13867.677052802923))",260
261,2922.864501953125,"POLYGON ((3468895.627443024 -13868.658297205473, 3469926.078326977 -13869.639976921411, 3469925.067010995 -14893.230804453477, 3468894.616575467 -14892.176676486111, 3468895.627443024 -13868.658297205473))",261
262,2080.16162109375,"POLYGON ((3469926.078326977 -13869.639976921411, 3470956.6021635365 -13870.622092086007, 3470955.5903989887 -14894.28540000563, 3469925.067010995 -14893.230804453477, 3469926.078326977 -13869.639976921411))",262
263,1663.4744873046875,"POLYGON ((3470956.6021635365 -13870.622092086007, 3471987.1989850583 -13871.604642834618, 3471986.186771807 -14895.340463287916, 3470955.5903989887 -14894.28540000563, 3470956.6021635365 -13870.622092086007))",263
264,1374.154541015625,"POLYGON ((3471987.1989850583 -13871.604642834618, 3473017.8688239134 -13872.587629302689, 3473016.8561618184 -14896.395994445771, 3471986.186771807 -14895.340463287916, 3471987.1989850583 -13871.604642834618))",264
265,486.3324890136719,"POLYGON ((3473017.8688239134 -13872.587629302689, 3474048.6117124762 -13873.571051625737, 3474047.5986013976 -14897.45199362472, 3473016.8561618184 -14896.395994445771, 3473017.8688239134 -13872.587629302689))",265
266,192.8386993408203,"POLYGON ((3474048.6117124762 -13873.571051625737, 3475079.4276831364 -13874.55490993937, 3475078.414122935 -14898.508460970375, 3474047.5986013976 -14897.45199362472, 3474048.6117124762 -13873.571051625737))",266
267,108.42135620117188,"POLYGON ((3475079.4276831364 -13874.55490993937, 3476110.316768294 -13875.539204379282, 3476109.302758829 -14899.565396628435, 3475078.414122935 -14898.508460970375, 3475079.4276831364 -13874.55490993937))",267
268,147.261474609375,"POLYGON ((3476110.316768294 -13875.539204379282, 3477141.2790003526 -13876.523935081232, 3477140.264541486 -14900.622800744697, 3476109.302758829 -14899.565396628435, 3476110.316768294 -13875.539204379282))",268
269,,"POLYGON ((3477141.2790003526 -13876.523935081232, 3478172.314411735 -13877.50910218109, 3478171.299503325 -14901.680673465036, 3477140.264541486 -14900.622800744697, 3477141.2790003526 -13876.523935081232))",269
270,,"POLYGON ((3459623.8401826904 -14882.710542156845, 3460653.6355004543 -14883.760468387125, 3460652.5565225366 -15906.700276366064, 3459622.7616837756 -15905.57819078101, 3459623.8401826904 -14882.710542156845))",270
271,,"POLYGON ((3460653.6355004543 -14883.760468387125, 3461683.503479916 -14884.810860898053, 3461682.4240228483 -15907.822860278187, 3460652.5565225366 -15906.700276366064, 3460653.6355004543 -14883.760468387125))",271
272,,"POLYGON ((3461683.503479916 -14884.810860898053, 3462713.4441533447 -14885.861719834178, 3462712.3642169787 -15908.945942671859, 3461682.4240228483 -15907.822860278187, 3461683.503479916 -14884.810860898053))",272
273,,"POLYGON ((3462713.4441533447 -14885.861719834178, 3463743.4575530197 -14886.913045340145, 3463742.377137205 -15910.06952370167, 3462712.3642169787 -15908.945942671859, 3462713.4441533447 -14885.861719834178))",273
274,,"POLYGON ((3463743.4575530197 -14886.913045340145, 3464773.543711225 -14887.96483756068, 3464772.462815814 -15911.193603522288, 3463742.377137205 -15910.06952370167, 3463743.4575530197 -14886.913045340145))",274
275,,"POLYGON ((3464773.543711225 -14887.96483756068, 3465803.7026602617 -14889.017096640595, 3465802.621285105 -15912.318182288485, 3464772.462815814 -15911.193603522288, 3464773.543711225 -14887.96483756068))",275
276,123.45587158203125,"POLYGON ((3465803.7026602617 -14889.017096640595, 3466833.934432433 -14890.069822724796, 3466832.8525773827 -15913.443260155116, 3465802.621285105 -15912.318182288485, 3465803.7026602617 -14889.017096640595))",276
277,1383.1256103515625,"POLYGON ((3466833.934432433 -14890.069822724796, 3467864.239060061 -14891.123015958274, 3467863.1567249666 -15914.568837277146, 3466832.8525773827 -15913.443260155116, 3466833.934432433 -14890.069822724796))",277
278,2508.776123046875,"POLYGON ((3467864.239060061 -14891.123015958274, 3468894.616575467 -14892.176676486111, 3468893.5337601807 -15915.694913809622, 3467863.1567249666 -15914.568837277146, 3467864.239060061 -14891.123015958274))",278
279,1210.6163330078125,"POLYGON ((3468894.616575467 -14892.176676486111, 3469925.067010995 -14893.230804453477, 3469923.9837153666 -15916.8214899077, 3468893.5337601807 -15915.694913809622, 3468894.616575467 -14892.176676486111))",279
280,184.96896362304688,"POLYGON ((3469925.067010995 -14893.230804453477, 3470955.5903989887 -14894.28540000563, 3470954.50662287 -15917.94856572661, 3469923.9837153666 -15916.8214899077, 3469925.067010995 -14893.230804453477))",280
281,185.99285888671875,"POLYGON ((3470955.5903989887 -14894.28540000563, 3471986.186771807 -14895.340463287916, 3471985.1025150483 -15919.076141421692, 3470954.50662287 -15917.94856572661, 3470955.5903989887 -14894.28540000563))",281
282,381.14996337890625,"POLYGON ((3471986.186771807 -14895.340463287916, 3473016.8561618184 -14896.395994445771, 3473015.771424269 -15920.204217148379, 3471985.1025150483 -15919.076141421692, 3471986.186771807 -14895.340463287916))",282
283,421.891357421875,"POLYGON ((3473016.8561618184 -14896.395994445771, 3474047.5986013976 -14897.45199362472, 3474046.51338291 -15921.332793062193, 3473015.771424269 -15920.204217148379, 3473016.8561618184 -14896.395994445771))",283
284,182.6850128173828,"POLYGON ((3474047.5986013976 -14897.45199362472, 3475078.414122935 -14898.508460970375, 3475077.3284233585 -15922.461869318751, 3474046.51338291 -15921.332793062193, 3474047.5986013976 -14897.45199362472))",284
285,123.59257507324219,"POLYGON ((3475078.414122935 -14898.508460970375, 3476109.302758829 -14899.565396628435, 3476108.2165780133 -15923.591446073782, 3475077.3284233585 -15922.461869318751, 3475078.414122935 -14898.508460970375))",285
286,152.8507537841797,"POLYGON ((3476109.302758829 -14899.565396628435, 3477140.264541486 -14900.622800744697, 3477139.1778792813 -15924.721523483084, 3476108.2165780133 -15923.591446073782, 3476109.302758829 -14899.565396628435))",286
287,,"POLYGON ((3477140.264541486 -14900.622800744697, 3478171.299503325 -14901.680673465036, 3478170.2123595825 -15925.852101702565, 3477139.1778792813 -15924.721523483084, 3477140.264541486 -14900.622800744697))",287
288,,"POLYGON ((3459622.7616837756 -15905.57819078101, 3460652.5565225366 -15906.700276366064, 3460651.405851918 -16929.63993366067, 3459621.611523986 -16928.445688849126, 3459622.7616837756 -15905.57819078101))",288
289,,"POLYGON ((3460652.5565225366 -15906.700276366064, 3461682.4240228483 -15907.822860278187, 3461681.2728412417 -16930.834708845625, 3460651.405851918 -16929.63993366067, 3460652.5565225366 -15906.700276366064))",289
290,,"POLYGON ((3461682.4240228483 -15907.822860278187, 3462712.3642169787 -15908.945942671859, 3462711.212524226 -16932.030014568405, 3461681.2728412417 -16930.834708845625, 3461682.4240228483 -15907.822860278187))",290
291,,"POLYGON ((3462712.3642169787 -15908.945942671859, 3463742.377137205 -15910.06952370167, 3463741.2249331484 -16933.22585099353, 3462711.212524226 -16932.030014568405, 3462712.3642169787 -15908.945942671859))",291
292,,"POLYGON ((3463742.377137205 -15910.06952370167, 3464772.462815814 -15911.193603522288, 3464771.3101002937 -16934.42221828563, 3463741.2249331484 -16933.22585099353, 3463742.377137205 -15910.06952370167))",292
293,,"POLYGON ((3464772.462815814 -15911.193603522288, 3465802.621285105 -15912.318182288485, 3465801.4680579635 -16935.619116609414, 3464771.3101002937 -16934.42221828563, 3464772.462815814 -15911.193603522288))",293
294,502.679443359375,"POLYGON ((3465802.621285105 -15912.318182288485, 3466832.8525773827 -15913.443260155116, 3466831.6988384603 -16936.816546129707, 3465801.4680579635 -16935.619116609414, 3465802.621285105 -15912.318182288485))",294
295,1141.559814453125,"POLYGON ((3466832.8525773827 -15913.443260155116, 3467863.1567249666 -15914.568837277146, 3467862.002474104 -16938.014507011434, 3466831.6988384603 -16936.816546129707, 3466832.8525773827 -15913.443260155116))",295
296,436.802978515625,"POLYGON ((3467863.1567249666 -15914.568837277146, 3468893.5337601807 -15915.694913809622, 3468892.37899722 -16939.21299941962, 3467862.002474104 -16938.014507011434, 3467863.1567249666 -15914.568837277146))",296
297,135.5692138671875,"POLYGON ((3468893.5337601807 -15915.694913809622, 3469923.9837153666 -15916.8214899077, 3469922.828440148 -16940.41202351938, 3468892.37899722 -16939.21299941962, 3468893.5337601807 -15915.694913809622))",297
298,43.773128509521484,"POLYGON ((3469923.9837153666 -15916.8214899077, 3470954.50662287 -15917.94856572661, 3470953.350835234 -16941.611579475943, 3469922.828440148 -16940.41202351938, 3469923.9837153666 -15916.8214899077))",298
299,72.79456329345703,"POLYGON ((3470954.50662287 -15917.94856572661, 3471985.1025150483 -15919.076141421692, 3471983.9462148366 -16942.81166745464, 3470953.350835234 -16941.611579475943, 3470954.50662287 -15917.94856572661))",299
300,128.57638549804688,"POLYGON ((3471985.1025150483 -15919.076141421692, 3473015.771424269 -15920.204217148379, 3473014.6146113216 -16944.012287620888, 3471983.9462148366 -16942.81166745464, 3471985.1025150483 -15919.076141421692))",300
301,187.97776794433594,"POLYGON ((3473015.771424269 -15920.204217148379, 3474046.51338291 -15921.332793062193, 3474045.356057067 -16945.213440140215, 3473014.6146113216 -16944.012287620888, 3473015.771424269 -15920.204217148379))",301
302,185.822265625,"POLYGON ((3474046.51338291 -15921.332793062193, 3475077.3284233585 -15922.461869318751, 3475076.17058446 -16946.415125178253, 3474045.356057067 -16945.213440140215, 3474046.51338291 -15921.332793062193))",302
303,145.36080932617188,"POLYGON ((3475077.3284233585 -15922.461869318751, 3476108.2165780133 -15923.591446073782, 3476107.058225902 -16947.61734290073, 3475076.17058446 -16946.415125178253, 3475077.3284233585 -15922.461869318751))",303
304,91.5550308227539,"POLYGON ((3476108.2165780133 -15923.591446073782, 3477139.1778792813 -15924.721523483084, 3477138.019013795 -16948.82009347347, 3476107.058225902 -16947.61734290073, 3476108.2165780133 -15923.591446073782))",304
305,,"POLYGON ((3477139.1778792813 -15924.721523483084, 3478170.2123595825 -15925.852101702565, 3478169.052980562 -16950.023377062418, 3477138.019013795 -16948.82009347347, 3477139.1778792813 -15924.721523483084))",305
306,,"POLYGON ((3459621.611523986 -16928.445688849126, 3460651.405851918 -16929.63993366067, 3460650.183488655 -17952.57943058073, 3459620.38970338 -17951.313026679214, 3459621.611523986 -16928.445688849126))",306
307,,"POLYGON ((3460651.405851918 -16929.63993366067, 3461681.2728412417 -16930.834708845625, 3461680.049935155 -17953.846396901903, 3460650.183488655 -17952.57943058073, 3460651.405851918 -16929.63993366067))",307
308,,"POLYGON ((3461681.2728412417 -16930.834708845625, 3462711.212524226 -16932.030014568405, 3462709.989075146 -17955.113925817088, 3461680.049935155 -17953.846396901903, 3461681.2728412417 -16930.834708845625))",308
309,,"POLYGON ((3462711.212524226 -16932.030014568405, 3463741.2249331484 -16933.22585099353, 3463740.000940907 -17956.382017500742, 3462709.989075146 -17955.113925817088, 3462711.212524226 -16932.030014568405))",309
310,,"POLYGON ((3463741.2249331484 -16933.22585099353, 3464771.3101002937 -16934.42221828563, 3464770.0855647232 -17957.650672127438, 3463740.000940907 -17956.382017500742, 3463741.2249331484 -16933.22585099353))",310
311,152.29725646972656,"POLYGON ((3464771.3101002937 -16934.42221828563, 3465801.4680579635 -16935.619116609414, 3465800.2429788937 -17958.919889871853, 3464770.0855647232 -17957.650672127438, 3464771.3101002937 -16934.42221828563))",311
312,669.3593139648438,"POLYGON ((3465801.4680579635 -16935.619116609414, 3466831.6988384603 -16936.816546129707, 3466830.4732157234 -17960.189670908752, 3465800.2429788937 -17958.919889871853, 3465801.4680579635 -16935.619116609414))",312
313,204.91201782226562,"POLYGON ((3466831.6988384603 -16936.816546129707, 3467862.002474104 -16938.014507011434, 3467860.776307531 -17961.460015413042, 3466830.4732157234 -17960.189670908752, 3466831.6988384603 -16936.816546129707))",313
314,47.73395919799805,"POLYGON ((3467862.002474104 -16938.014507011434, 3468892.37899722 -16939.21299941962, 3468891.152286642 -17962.730923559695, 3467860.776307531 -17961.460015413042, 3467862.002474104 -16938.014507011434))",314
315,29.16818618774414,"POLYGON ((3468892.37899722 -16939.21299941962, 3469922.828440148 -16940.41202351938, 3469921.601185396 -17964.00239552383, 3468891.152286642 -17962.730923559695, 3468892.37899722 -16939.21299941962))",315
316,27.624958038330078,"POLYGON ((3469922.828440148 -16940.41202351938, 3470953.350835234 -16941.611579475943, 3470952.1230361406 -17965.274431480644, 3469921.601185396 -17964.00239552383, 3469922.828440148 -16940.41202351938))",316
317,66.12712860107422,"POLYGON ((3470953.350835234 -16941.611579475943, 3471983.9462148366 -16942.81166745464, 3471982.7178712296 -17966.547031605453, 3470952.1230361406 -17965.274431480644, 3470953.350835234 -16941.611579475943))",317
318,126.68836212158203,"POLYGON ((3471983.9462148366 -16942.81166745464, 3473014.6146113216 -16944.012287620888, 3473013.385723033 -17967.820196073684, 3471982.7178712296 -17966.547031605453, 3471983.9462148366 -16942.81166745464))",318
319,207.1328125,"POLYGON ((3473014.6146113216 -16944.012287620888, 3474045.356057067 -16945.213440140215, 3474044.126623928 -17969.09392506085, 3473013.385723033 -17967.820196073684, 3473014.6146113216 -16944.012287620888))",319
320,217.0020751953125,"POLYGON ((3474045.356057067 -16945.213440140215, 3475076.17058446 -16946.415125178253, 3475074.9406063007 -17970.368218742606, 3474044.126623928 -17969.09392506085, 3474045.356057067 -16945.213440140215))",320
321,,"POLYGON ((3475076.17058446 -16946.415125178253, 3476107.058225902 -16947.61734290073, 3476105.827702551 -17971.643077294684, 3475074.9406063007 -17970.368218742606, 3475076.17058446 -16946.415125178253))",321
322,,"POLYGON ((3476107.058225902 -16947.61734290073, 3477138.019013795 -16948.82009347347, 3477136.787945085 -17972.918500892934, 3476105.827702551 -17971.643077294684, 3476107.058225902 -16947.61734290073))",322
323,,"POLYGON ((3477138.019013795 -16948.82009347347, 3478169.052980562 -16950.023377062418, 3478167.8213663218 -17974.194489713314, 3477136.787945085 -17972.918500892934, 3477138.019013795 -16948.82009347347))",323
324,,"POLYGON ((3459620.38970338 -17951.313026679214, 3460650.183488655 -17952.57943058073, 3460648.889432809 -18975.51875743608, 3459619.0962220174 -18974.18019458937, 3459620.38970338 -17951.313026679214))",324
325,,"POLYGON ((3460650.183488655 -17952.57943058073, 3461680.049935155 -17953.846396901903, 3461678.7553046476 -18976.857914748605, 3460648.889432809 -18975.51875743608, 3460650.183488655 -17952.57943058073))",325
326,,"POLYGON ((3461680.049935155 -17953.846396901903, 3462709.989075146 -17955.113925817088, 3462708.6938697994 -18978.197666711225, 3461678.7553046476 -18976.857914748605, 3461680.049935155 -17953.846396901903))",326
327,,"POLYGON ((3462709.989075146 -17955.113925817088, 3463740.000940907 -17956.382017500742, 3463738.7051605424 -18979.538013508358, 3462708.6938697994 -18978.197666711225, 3462709.989075146 -17955.113925817088))",327
328,,"POLYGON ((3463740.000940907 -17956.382017500742, 3464770.0855647232 -17957.650672127438, 3464768.789209162 -18980.878955324508, 3463738.7051605424 -18979.538013508358, 3463740.000940907 -17956.382017500742))",328
329,,"POLYGON ((3464770.0855647232 -17957.650672127438, 3465800.2429788937 -17958.919889871853, 3465798.9460479575 -18982.220492344306, 3464768.789209162 -18980.878955324508, 3464770.0855647232 -17957.650672127438))",329
330,49.53338623046875,"POLYGON ((3465800.2429788937 -17958.919889871853, 3466830.4732157234 -17960.189670908752, 3466829.175709233 -18983.56262475248, 3465798.9460479575 -18982.220492344306, 3465800.2429788937 -17958.919889871853))",330
331,42.772132873535156,"POLYGON ((3466830.4732157234 -17960.189670908752, 3467860.776307531 -17961.460015413042, 3467859.4782253094 -18984.9053527339, 3466829.175709233 -18983.56262475248, 3466830.4732157234 -17960.189670908752))",331
332,21.023420333862305,"POLYGON ((3467860.776307531 -17961.460015413042, 3468891.152286642 -17962.730923559695, 3468889.853628509 -18986.248676473504, 3467859.4782253094 -18984.9053527339, 3467860.776307531 -17961.460015413042))",332
333,,"POLYGON ((3468891.152286642 -17962.730923559695, 3469921.601185396 -17964.00239552383, 3469920.3019511737 -18987.5925961564, 3468889.853628509 -18986.248676473504, 3468891.152286642 -17962.730923559695))",333
334,,"POLYGON ((3469921.601185396 -17964.00239552383, 3470952.1230361406 -17965.274431480644, 3470950.823225648 -18988.937111967756, 3469920.3019511737 -18987.5925961564, 3469921.601185396 -17964.00239552383))",334
335,,"POLYGON ((3470952.1230361406 -17965.274431480644, 3471982.7178712296 -17966.547031605453, 3471981.4174842895 -18990.28222409288, 3470950.823225648 -18988.937111967756, 3470952.1230361406 -17965.274431480644))",335
336,,"POLYGON ((3471982.7178712296 -17966.547031605453, 3473013.385723033 -17967.820196073684, 3473012.084759466 -18991.627932717194, 3471981.4174842895 -18990.28222409288, 3471982.7178712296 -17966.547031605453))",336
337,,"POLYGON ((3473013.385723033 -17967.820196073684, 3474044.126623928 -17969.09392506085, 3474042.8250835533 -18992.97423802622, 3473012.084759466 -18991.627932717194, 3473013.385723033 -17967.820196073684))",337
338,,"POLYGON ((3474044.126623928 -17969.09392506085, 3475074.9406063007 -17970.368218742606, 3475073.638488941 -18994.32114020561, 3474042.8250835533 -18992.97423802622, 3474044.126623928 -17969.09392506085))",338
339,,"POLYGON ((3475074.9406063007 -17970.368218742606, 3476105.827702551 -17971.643077294684, 3476104.525008025 -18995.66863944111, 3475073.638488941 -18994.32114020561, 3475074.9406063007 -17970.368218742606))",339
340,,"POLYGON ((3476105.827702551 -17971.643077294684, 3477136.787945085 -17972.918500892934, 3477135.484673214 -18997.016735918598, 3476104.525008025 -18995.66863944111, 3476105.827702551 -17971.643077294684))",340
341,,"POLYGON ((3477136.787945085 -17972.918500892934, 3478167.8213663218 -17974.194489713314, 3478166.5175169255 -18998.365429824058, 3477135.484673214 -18997.016735918598, 3477136.787945085 -17972.918500892934))",341
